<?xml version="1.0" encoding="utf-8"?>
<CacheManager xmlns:xsi="http://www.w3.org/2001/XMLSchema-instance" xmlns:xsd="http://www.w3.org/2001/XMLSchema">
  <Files>
    <Md5Resource>
      <MD5>5697ead348710fec119c884a8649c168</MD5>
      <Path>\uploads\media\55\55\e0kmxhvjikg0lzpeeefeuw.jpg</Path>
      <CacheDate>2012-04-20T18:07:58.4511719+03:00</CacheDate>
    </Md5Resource>
    <Md5Resource>
      <MD5>f3a5488ae761aeade110d97438edc579</MD5>
      <Path>Layouts\11.mosaic</Path>
      <CacheDate>2012-04-20T18:11:43.9365234+03:00</CacheDate>
    </Md5Resource>
  </Files>
</CacheManager>