<?xml version="1.0" encoding="utf-8"?>
<RequiredFiles xmlns:xsi="http://www.w3.org/2001/XMLSchema-instance" xmlns:xsd="http://www.w3.org/2001/XMLSchema">
  <_requiredFiles>
    <RequiredFileModel>
      <FileType>media</FileType>
      <Path>\uploads\media\55\55\e0kmxhvjikg0lzpeeefeuw.jpg</Path>
      <Downloading>false</Downloading>
      <ChunkOffset>0</ChunkOffset>
      <ChunkSize>0</ChunkSize>
      <Retrys>0</Retrys>
      <Id>55</Id>
      <Size>14687</Size>
      <MD5>5697ead348710fec119c884a8649c168</MD5>
      <Complete>false</Complete>
      <LastChecked>0001-01-01T00:00:00</LastChecked>
    </RequiredFileModel>
    <RequiredFileModel>
      <FileType>media</FileType>
      <Path>\uploads\media\56\56\fb-3ipld9uo4_zxzegc7hq.jpg</Path>
      <Downloading>false</Downloading>
      <ChunkOffset>0</ChunkOffset>
      <ChunkSize>0</ChunkSize>
      <Retrys>0</Retrys>
      <Id>56</Id>
      <Size>70070</Size>
      <MD5>60e5e046eec81e9116a8fa42fa327fa3</MD5>
      <Complete>false</Complete>
      <LastChecked>0001-01-01T00:00:00</LastChecked>
    </RequiredFileModel>
    <RequiredFileModel>
      <FileType>media</FileType>
      <Path>\uploads\media\58\58\hiw-33sqvegeltz0pqqukq.jpg</Path>
      <Downloading>false</Downloading>
      <ChunkOffset>0</ChunkOffset>
      <ChunkSize>0</ChunkSize>
      <Retrys>0</Retrys>
      <Id>58</Id>
      <Size>112799</Size>
      <MD5>368f8e53fa96a1a7eeb003194cf04479</MD5>
      <Complete>false</Complete>
      <LastChecked>0001-01-01T00:00:00</LastChecked>
    </RequiredFileModel>
    <RequiredFileModel>
      <FileType>media</FileType>
      <Path>\uploads\media\57\57\qpeicakkg0-h9hjbc67yhq.jpg</Path>
      <Downloading>false</Downloading>
      <ChunkOffset>0</ChunkOffset>
      <ChunkSize>0</ChunkSize>
      <Retrys>0</Retrys>
      <Id>57</Id>
      <Size>71600</Size>
      <MD5>576e90c1ac565f45602bf6fea03cfd3e</MD5>
      <Complete>false</Complete>
      <LastChecked>0001-01-01T00:00:00</LastChecked>
    </RequiredFileModel>
    <RequiredFileModel>
      <FileType>media</FileType>
      <Path>\uploads\media\64\64\lzd1bwqezkggcsgqjlgxxa.jpg</Path>
      <Downloading>false</Downloading>
      <ChunkOffset>0</ChunkOffset>
      <ChunkSize>0</ChunkSize>
      <Retrys>0</Retrys>
      <Id>64</Id>
      <Size>98563</Size>
      <MD5>6a8ab8e7e693bdc14ebe556a9a6af24f</MD5>
      <Complete>false</Complete>
      <LastChecked>0001-01-01T00:00:00</LastChecked>
    </RequiredFileModel>
    <RequiredFileModel>
      <FileType>layout</FileType>
      <Path>Layouts\11.mosaic</Path>
      <Downloading>false</Downloading>
      <ChunkOffset>0</ChunkOffset>
      <ChunkSize>0</ChunkSize>
      <Retrys>0</Retrys>
      <Id>11</Id>
      <Size>5690</Size>
      <MD5>7d5f5d4a260e718bb8c829859353d527</MD5>
      <Complete>false</Complete>
      <LastChecked>0001-01-01T00:00:00</LastChecked>
    </RequiredFileModel>
    <RequiredFileModel>
      <FileType>layout</FileType>
      <Path>Layouts\20.mosaic</Path>
      <Downloading>false</Downloading>
      <ChunkOffset>0</ChunkOffset>
      <ChunkSize>0</ChunkSize>
      <Retrys>0</Retrys>
      <Id>20</Id>
      <Size>181</Size>
      <MD5>7713441a889714ac951d93fdc65eb845</MD5>
      <Complete>false</Complete>
      <LastChecked>0001-01-01T00:00:00</LastChecked>
    </RequiredFileModel>
  </_requiredFiles>
  <Files>
    <RequiredFileModel>
      <FileType>media</FileType>
      <Path>\uploads\media\55\55\e0kmxhvjikg0lzpeeefeuw.jpg</Path>
      <Downloading>false</Downloading>
      <ChunkOffset>0</ChunkOffset>
      <ChunkSize>0</ChunkSize>
      <Retrys>0</Retrys>
      <Id>55</Id>
      <Size>14687</Size>
      <MD5>5697ead348710fec119c884a8649c168</MD5>
      <Complete>false</Complete>
      <LastChecked>0001-01-01T00:00:00</LastChecked>
    </RequiredFileModel>
    <RequiredFileModel>
      <FileType>media</FileType>
      <Path>\uploads\media\56\56\fb-3ipld9uo4_zxzegc7hq.jpg</Path>
      <Downloading>false</Downloading>
      <ChunkOffset>0</ChunkOffset>
      <ChunkSize>0</ChunkSize>
      <Retrys>0</Retrys>
      <Id>56</Id>
      <Size>70070</Size>
      <MD5>60e5e046eec81e9116a8fa42fa327fa3</MD5>
      <Complete>false</Complete>
      <LastChecked>0001-01-01T00:00:00</LastChecked>
    </RequiredFileModel>
    <RequiredFileModel>
      <FileType>media</FileType>
      <Path>\uploads\media\58\58\hiw-33sqvegeltz0pqqukq.jpg</Path>
      <Downloading>false</Downloading>
      <ChunkOffset>0</ChunkOffset>
      <ChunkSize>0</ChunkSize>
      <Retrys>0</Retrys>
      <Id>58</Id>
      <Size>112799</Size>
      <MD5>368f8e53fa96a1a7eeb003194cf04479</MD5>
      <Complete>false</Complete>
      <LastChecked>0001-01-01T00:00:00</LastChecked>
    </RequiredFileModel>
    <RequiredFileModel>
      <FileType>media</FileType>
      <Path>\uploads\media\57\57\qpeicakkg0-h9hjbc67yhq.jpg</Path>
      <Downloading>false</Downloading>
      <ChunkOffset>0</ChunkOffset>
      <ChunkSize>0</ChunkSize>
      <Retrys>0</Retrys>
      <Id>57</Id>
      <Size>71600</Size>
      <MD5>576e90c1ac565f45602bf6fea03cfd3e</MD5>
      <Complete>false</Complete>
      <LastChecked>0001-01-01T00:00:00</LastChecked>
    </RequiredFileModel>
    <RequiredFileModel>
      <FileType>media</FileType>
      <Path>\uploads\media\64\64\lzd1bwqezkggcsgqjlgxxa.jpg</Path>
      <Downloading>false</Downloading>
      <ChunkOffset>0</ChunkOffset>
      <ChunkSize>0</ChunkSize>
      <Retrys>0</Retrys>
      <Id>64</Id>
      <Size>98563</Size>
      <MD5>6a8ab8e7e693bdc14ebe556a9a6af24f</MD5>
      <Complete>false</Complete>
      <LastChecked>0001-01-01T00:00:00</LastChecked>
    </RequiredFileModel>
    <RequiredFileModel>
      <FileType>layout</FileType>
      <Path>Layouts\11.mosaic</Path>
      <Downloading>false</Downloading>
      <ChunkOffset>0</ChunkOffset>
      <ChunkSize>0</ChunkSize>
      <Retrys>0</Retrys>
      <Id>11</Id>
      <Size>5690</Size>
      <MD5>7d5f5d4a260e718bb8c829859353d527</MD5>
      <Complete>false</Complete>
      <LastChecked>0001-01-01T00:00:00</LastChecked>
    </RequiredFileModel>
    <RequiredFileModel>
      <FileType>layout</FileType>
      <Path>Layouts\20.mosaic</Path>
      <Downloading>false</Downloading>
      <ChunkOffset>0</ChunkOffset>
      <ChunkSize>0</ChunkSize>
      <Retrys>0</Retrys>
      <Id>20</Id>
      <Size>181</Size>
      <MD5>7713441a889714ac951d93fdc65eb845</MD5>
      <Complete>false</Complete>
      <LastChecked>0001-01-01T00:00:00</LastChecked>
    </RequiredFileModel>
  </Files>
</RequiredFiles>