﻿<stat type="Layout" fromdt="2012-05-13 19:01:11" todt="2012-05-13 19:01:21" layoutid="0" scheduleid="0" mediaid=""></stat>
<stat type="Layout" fromdt="2012-05-13 19:01:21" todt="2012-05-13 19:01:31" layoutid="0" scheduleid="0" mediaid=""></stat>
<stat type="Layout" fromdt="2012-05-13 19:01:56" todt="2012-05-13 19:02:06" layoutid="0" scheduleid="0" mediaid=""></stat>
<stat type="Layout" fromdt="2012-05-13 19:02:06" todt="2012-05-13 19:02:17" layoutid="0" scheduleid="0" mediaid=""></stat>
<stat type="Layout" fromdt="2012-05-13 19:02:17" todt="2012-05-13 19:02:27" layoutid="0" scheduleid="0" mediaid=""></stat>
<stat type="Layout" fromdt="2012-05-13 19:02:27" todt="2012-05-13 19:02:37" layoutid="0" scheduleid="0" mediaid=""></stat>
<stat type="Layout" fromdt="2012-05-13 19:02:37" todt="2012-05-13 19:02:47" layoutid="0" scheduleid="0" mediaid=""></stat>
<stat type="Layout" fromdt="2012-05-13 19:02:47" todt="2012-05-13 19:02:58" layoutid="0" scheduleid="0" mediaid=""></stat>
<stat type="Layout" fromdt="2012-05-13 19:02:58" todt="2012-05-13 19:03:08" layoutid="0" scheduleid="0" mediaid=""></stat>
<stat type="Layout" fromdt="2012-05-13 19:03:08" todt="2012-05-13 19:03:18" layoutid="0" scheduleid="0" mediaid=""></stat>
<stat type="Layout" fromdt="2012-05-13 19:03:18" todt="2012-05-13 19:03:28" layoutid="0" scheduleid="0" mediaid=""></stat>
<stat type="Layout" fromdt="2012-05-13 19:03:28" todt="2012-05-13 19:03:38" layoutid="0" scheduleid="0" mediaid=""></stat>
<stat type="Layout" fromdt="2012-05-13 19:03:38" todt="2012-05-13 19:03:49" layoutid="0" scheduleid="0" mediaid=""></stat>
<stat type="Layout" fromdt="2012-05-13 19:03:49" todt="2012-05-13 19:03:59" layoutid="0" scheduleid="0" mediaid=""></stat>
<stat type="Layout" fromdt="2012-05-13 19:03:59" todt="2012-05-13 19:04:10" layoutid="0" scheduleid="0" mediaid=""></stat>
<stat type="Layout" fromdt="2012-05-13 19:04:10" todt="2012-05-13 19:04:20" layoutid="0" scheduleid="0" mediaid=""></stat>
<stat type="Layout" fromdt="2012-05-13 19:04:20" todt="2012-05-13 19:04:30" layoutid="0" scheduleid="0" mediaid=""></stat>
<stat type="Layout" fromdt="2012-05-13 19:04:30" todt="2012-05-13 19:04:41" layoutid="0" scheduleid="0" mediaid=""></stat>
<stat type="Layout" fromdt="2012-05-13 19:04:41" todt="2012-05-13 19:04:52" layoutid="0" scheduleid="0" mediaid=""></stat>
<stat type="Layout" fromdt="2012-05-13 19:04:52" todt="2012-05-13 19:05:02" layoutid="0" scheduleid="0" mediaid=""></stat>
<stat type="Layout" fromdt="2012-05-13 19:05:02" todt="2012-05-13 19:05:12" layoutid="0" scheduleid="0" mediaid=""></stat>
<stat type="Layout" fromdt="2012-05-13 19:05:12" todt="2012-05-13 19:05:22" layoutid="0" scheduleid="0" mediaid=""></stat>
<stat type="Layout" fromdt="2012-05-13 19:05:22" todt="2012-05-13 19:05:32" layoutid="0" scheduleid="0" mediaid=""></stat>
<stat type="Layout" fromdt="2012-05-13 19:05:32" todt="2012-05-13 19:05:42" layoutid="0" scheduleid="0" mediaid=""></stat>
<stat type="Layout" fromdt="2012-05-13 19:05:42" todt="2012-05-13 19:05:52" layoutid="0" scheduleid="0" mediaid=""></stat>
<stat type="Layout" fromdt="2012-05-13 19:05:52" todt="2012-05-13 19:06:02" layoutid="0" scheduleid="0" mediaid=""></stat>
<stat type="Layout" fromdt="2012-05-13 19:06:02" todt="2012-05-13 19:06:12" layoutid="0" scheduleid="0" mediaid=""></stat>
<stat type="Layout" fromdt="2012-05-13 19:06:12" todt="2012-05-13 19:06:22" layoutid="0" scheduleid="0" mediaid=""></stat>
<stat type="Layout" fromdt="2012-05-13 19:06:22" todt="2012-05-13 19:06:33" layoutid="0" scheduleid="0" mediaid=""></stat>
<stat type="Layout" fromdt="2012-05-13 19:06:33" todt="2012-05-13 19:06:43" layoutid="0" scheduleid="0" mediaid=""></stat>
<stat type="Layout" fromdt="2012-05-13 19:06:43" todt="2012-05-13 19:06:53" layoutid="0" scheduleid="0" mediaid=""></stat>
<stat type="Layout" fromdt="2012-05-13 19:06:53" todt="2012-05-13 19:07:03" layoutid="0" scheduleid="0" mediaid=""></stat>
<stat type="Layout" fromdt="2012-05-13 19:07:03" todt="2012-05-13 19:07:13" layoutid="0" scheduleid="0" mediaid=""></stat>
<stat type="Layout" fromdt="2012-05-13 19:07:13" todt="2012-05-13 19:07:23" layoutid="0" scheduleid="0" mediaid=""></stat>
<stat type="Layout" fromdt="2012-05-13 19:07:23" todt="2012-05-13 19:07:34" layoutid="0" scheduleid="0" mediaid=""></stat>
<stat type="Layout" fromdt="2012-05-13 19:07:34" todt="2012-05-13 19:07:44" layoutid="0" scheduleid="0" mediaid=""></stat>
<stat type="Layout" fromdt="2012-05-13 19:07:44" todt="2012-05-13 19:07:54" layoutid="0" scheduleid="0" mediaid=""></stat>
<stat type="Layout" fromdt="2012-05-13 19:07:54" todt="2012-05-13 19:08:04" layoutid="0" scheduleid="0" mediaid=""></stat>
<stat type="Layout" fromdt="2012-05-13 19:08:04" todt="2012-05-13 19:08:14" layoutid="0" scheduleid="0" mediaid=""></stat>
<stat type="Layout" fromdt="2012-05-13 19:08:14" todt="2012-05-13 19:08:24" layoutid="0" scheduleid="0" mediaid=""></stat>
<stat type="Layout" fromdt="2012-05-13 19:08:24" todt="2012-05-13 19:08:34" layoutid="0" scheduleid="0" mediaid=""></stat>
<stat type="Layout" fromdt="2012-05-13 19:08:34" todt="2012-05-13 19:08:44" layoutid="0" scheduleid="0" mediaid=""></stat>
<stat type="Layout" fromdt="2012-05-13 19:08:44" todt="2012-05-13 19:08:54" layoutid="0" scheduleid="0" mediaid=""></stat>
<stat type="Layout" fromdt="2012-05-13 19:08:54" todt="2012-05-13 19:09:04" layoutid="0" scheduleid="0" mediaid=""></stat>
<stat type="Layout" fromdt="2012-05-13 19:09:04" todt="2012-05-13 19:09:14" layoutid="0" scheduleid="0" mediaid=""></stat>
<stat type="Layout" fromdt="2012-05-13 19:09:14" todt="2012-05-13 19:09:24" layoutid="0" scheduleid="0" mediaid=""></stat>
<stat type="Layout" fromdt="2012-05-13 19:09:24" todt="2012-05-13 19:09:34" layoutid="0" scheduleid="0" mediaid=""></stat>
<stat type="Layout" fromdt="2012-05-13 19:09:34" todt="2012-05-13 19:09:44" layoutid="0" scheduleid="0" mediaid=""></stat>
<stat type="Layout" fromdt="2012-05-13 19:09:44" todt="2012-05-13 19:09:54" layoutid="0" scheduleid="0" mediaid=""></stat>
<stat type="Layout" fromdt="2012-05-13 19:09:54" todt="2012-05-13 19:10:04" layoutid="0" scheduleid="0" mediaid=""></stat>
<stat type="Layout" fromdt="2012-05-13 19:10:04" todt="2012-05-13 19:10:14" layoutid="0" scheduleid="0" mediaid=""></stat>
<stat type="Layout" fromdt="2012-05-13 19:10:14" todt="2012-05-13 19:10:24" layoutid="0" scheduleid="0" mediaid=""></stat>
<stat type="Layout" fromdt="2012-05-13 19:10:24" todt="2012-05-13 19:10:34" layoutid="0" scheduleid="0" mediaid=""></stat>
<stat type="Layout" fromdt="2012-05-13 19:10:34" todt="2012-05-13 19:10:44" layoutid="0" scheduleid="0" mediaid=""></stat>
<stat type="Layout" fromdt="2012-05-13 19:10:44" todt="2012-05-13 19:10:54" layoutid="0" scheduleid="0" mediaid=""></stat>
<stat type="Layout" fromdt="2012-05-13 19:10:54" todt="2012-05-13 19:11:04" layoutid="0" scheduleid="0" mediaid=""></stat>
<stat type="Layout" fromdt="2012-05-13 19:11:04" todt="2012-05-13 19:11:14" layoutid="0" scheduleid="0" mediaid=""></stat>
<stat type="Layout" fromdt="2012-05-13 19:11:14" todt="2012-05-13 19:11:24" layoutid="0" scheduleid="0" mediaid=""></stat>
<stat type="Layout" fromdt="2012-05-13 19:11:24" todt="2012-05-13 19:11:34" layoutid="0" scheduleid="0" mediaid=""></stat>
<stat type="Layout" fromdt="2012-05-13 19:11:34" todt="2012-05-13 19:11:44" layoutid="0" scheduleid="0" mediaid=""></stat>
<stat type="Layout" fromdt="2012-05-13 19:11:44" todt="2012-05-13 19:11:54" layoutid="0" scheduleid="0" mediaid=""></stat>
<stat type="Layout" fromdt="2012-05-13 19:11:54" todt="2012-05-13 19:12:04" layoutid="0" scheduleid="0" mediaid=""></stat>
<stat type="Layout" fromdt="2012-05-13 19:12:04" todt="2012-05-13 19:12:14" layoutid="0" scheduleid="0" mediaid=""></stat>
<stat type="Layout" fromdt="2012-05-13 19:12:14" todt="2012-05-13 19:12:24" layoutid="0" scheduleid="0" mediaid=""></stat>
<stat type="Layout" fromdt="2012-05-13 19:12:24" todt="2012-05-13 19:12:34" layoutid="0" scheduleid="0" mediaid=""></stat>
<stat type="Layout" fromdt="2012-05-13 19:12:34" todt="2012-05-13 19:12:44" layoutid="0" scheduleid="0" mediaid=""></stat>
<stat type="Layout" fromdt="2012-05-13 19:12:44" todt="2012-05-13 19:12:54" layoutid="0" scheduleid="0" mediaid=""></stat>
<stat type="Layout" fromdt="2012-05-13 19:12:54" todt="2012-05-13 19:13:04" layoutid="0" scheduleid="0" mediaid=""></stat>
<stat type="Layout" fromdt="2012-05-13 19:13:04" todt="2012-05-13 19:13:14" layoutid="0" scheduleid="0" mediaid=""></stat>
<stat type="Layout" fromdt="2012-05-13 19:13:14" todt="2012-05-13 19:13:24" layoutid="0" scheduleid="0" mediaid=""></stat>
<stat type="Layout" fromdt="2012-05-13 19:13:24" todt="2012-05-13 19:13:34" layoutid="0" scheduleid="0" mediaid=""></stat>
<stat type="Layout" fromdt="2012-05-13 19:13:34" todt="2012-05-13 19:13:44" layoutid="0" scheduleid="0" mediaid=""></stat>
<stat type="Layout" fromdt="2012-05-13 19:13:44" todt="2012-05-13 19:13:54" layoutid="0" scheduleid="0" mediaid=""></stat>
<stat type="Layout" fromdt="2012-05-13 19:13:54" todt="2012-05-13 19:14:05" layoutid="0" scheduleid="0" mediaid=""></stat>
<stat type="Layout" fromdt="2012-05-13 19:14:05" todt="2012-05-13 19:14:15" layoutid="0" scheduleid="0" mediaid=""></stat>
<stat type="Layout" fromdt="2012-05-13 19:14:15" todt="2012-05-13 19:14:25" layoutid="0" scheduleid="0" mediaid=""></stat>
<stat type="Layout" fromdt="2012-05-13 19:14:25" todt="2012-05-13 19:14:35" layoutid="0" scheduleid="0" mediaid=""></stat>
<stat type="Layout" fromdt="2012-05-13 19:14:35" todt="2012-05-13 19:14:45" layoutid="0" scheduleid="0" mediaid=""></stat>
<stat type="Layout" fromdt="2012-05-13 19:14:45" todt="2012-05-13 19:14:55" layoutid="0" scheduleid="0" mediaid=""></stat>
<stat type="Layout" fromdt="2012-05-13 19:14:55" todt="2012-05-13 19:15:05" layoutid="0" scheduleid="0" mediaid=""></stat>
<stat type="Layout" fromdt="2012-05-13 19:15:05" todt="2012-05-13 19:15:15" layoutid="0" scheduleid="0" mediaid=""></stat>
<stat type="Layout" fromdt="2012-05-13 19:15:15" todt="2012-05-13 19:15:25" layoutid="0" scheduleid="0" mediaid=""></stat>
<stat type="Layout" fromdt="2012-05-13 19:15:25" todt="2012-05-13 19:15:35" layoutid="0" scheduleid="0" mediaid=""></stat>
