<?xml version="1.0"?>
<ScheduleModel xmlns:xsi="http://www.w3.org/2001/XMLSchema-instance" xmlns:xsd="http://www.w3.org/2001/XMLSchema">
  <Items>
    <ScheduleLayout File="11" FromDate="2000-01-01 00:00:00" ToDate="2030-01-19 00:00:00" ScheduleId="0" Priority="0">
      <Default>true</Default>
      <Hash>51187a5bfb06754f79e75e6fd5ecfd61</Hash>
      <Type>General</Type>
    </ScheduleLayout>
    <ScheduleLayout File="20" FromDate="2000-01-01 00:00:00" ToDate="2030-01-19 00:00:00" ScheduleId="0" Priority="0">
      <Default>true</Default>
      <Hash>a03b9f142ed5112e62cc41cda740c455</Hash>
      <Type>Profile</Type>
    </ScheduleLayout>
  </Items>
</ScheduleModel>