<?xml version="1.0" encoding="utf-8"?>
<CacheManager xmlns:xsi="http://www.w3.org/2001/XMLSchema-instance" xmlns:xsd="http://www.w3.org/2001/XMLSchema">
  <Files>
    <Md5Resource>
      <MD5>60e5e046eec81e9116a8fa42fa327fa3</MD5>
      <Path>\uploads\media\56\56\fb-3ipld9uo4_zxzegc7hq.jpg</Path>
      <CacheDate>2012-07-02T18:24:26.2441406+03:00</CacheDate>
    </Md5Resource>
    <Md5Resource>
      <MD5>576e90c1ac565f45602bf6fea03cfd3e</MD5>
      <Path>\uploads\media\57\57\qpeicakkg0-h9hjbc67yhq.jpg</Path>
      <CacheDate>2012-07-02T18:24:42.3847656+03:00</CacheDate>
    </Md5Resource>
    <Md5Resource>
      <MD5>416ee5d2ddde187e7d39ad722df2f446</MD5>
      <Path>\uploads\media\65\65\mdev53trrkorqnysure_iq.jpg</Path>
      <CacheDate>2012-07-02T18:25:35.6542969+03:00</CacheDate>
    </Md5Resource>
    <Md5Resource>
      <MD5>1416b6080030a397f958e6862df62597</MD5>
      <Path>Uploads\Temp\Media\qZVdcr6bLUKAazBHkwQQuQ.txt</Path>
      <CacheDate>2012-07-02T18:26:00.6425781+03:00</CacheDate>
    </Md5Resource>
    <Md5Resource>
      <MD5>01f0b39eac3b652fe890cf5048d92621</MD5>
      <Path>\uploads\media\93\93\nszwcr8equathlpfcmsczw.jpg</Path>
      <CacheDate>2012-07-02T18:26:14.7402344+03:00</CacheDate>
    </Md5Resource>
    <Md5Resource>
      <MD5>b381afa2b1b06a4d2c788974da127983</MD5>
      <Path>\uploads\media\78\78\oqxz3gwb2kyfdxthe3x2ta.jpg</Path>
      <CacheDate>2012-07-02T18:26:35.2666016+03:00</CacheDate>
    </Md5Resource>
    <Md5Resource>
      <MD5>183b4846aa89b4f249ea0697b798d6d4</MD5>
      <Path>\uploads\media\66\66\ix9etanzl0gvvg6gxejboq.jpg</Path>
      <CacheDate>2012-07-02T18:26:51.3691406+03:00</CacheDate>
    </Md5Resource>
    <Md5Resource>
      <MD5>410a0e29704fb779b1974ff8e884e77e</MD5>
      <Path>\uploads\media\102\102\kjtlkktwqk-hleb4bcwfla.jpg</Path>
      <CacheDate>2012-07-02T18:27:12.03125+03:00</CacheDate>
    </Md5Resource>
    <Md5Resource>
      <MD5>7637b1d0df58430e4fc5ef8b54093063</MD5>
      <Path>\uploads\media\95\95\mta_yeb-wkyq1fehb3ykrg.jpg</Path>
      <CacheDate>2012-07-02T18:27:23.7910156+03:00</CacheDate>
    </Md5Resource>
    <Md5Resource>
      <MD5>d2fb89fe8330bd580b8d9f9a686cac4f</MD5>
      <Path>\uploads\media\96\96\ladahp-aues9hrtow3sfdw.jpg</Path>
      <CacheDate>2012-07-02T18:27:31.022461+03:00</CacheDate>
    </Md5Resource>
    <Md5Resource>
      <MD5>2b2a51791ef9ffa7127e968a7998568a</MD5>
      <Path>\uploads\media\71\71\8phbsbqtzeq0bgckvz38lq.jpg</Path>
      <CacheDate>2012-07-02T18:27:51.2294922+03:00</CacheDate>
    </Md5Resource>
    <Md5Resource>
      <MD5>6ab546c4cc3b51d827e42111e6e077e6</MD5>
      <Path>Layouts\20.mosaic</Path>
      <CacheDate>2012-07-02T18:27:53.8964844+03:00</CacheDate>
    </Md5Resource>
    <Md5Resource>
      <MD5>330ed24680924358e20467289a2a86bc</MD5>
      <Path>Layouts\11.mosaic</Path>
      <CacheDate>2012-07-02T18:28:09.3671875+03:00</CacheDate>
    </Md5Resource>
  </Files>
</CacheManager>