<?xml version="1.0"?>
<ScheduleModel xmlns:xsi="http://www.w3.org/2001/XMLSchema-instance" xmlns:xsd="http://www.w3.org/2001/XMLSchema">
  <Items>
    <ScheduleLayout File="11" FromDate="2000-01-01 00:00:00" ToDate="2030-01-19 00:00:00" ScheduleId="0" Priority="0">
      <Default>true</Default>
      <Hash>330ed24680924358e20467289a2a86bc</Hash>
      <Type>General</Type>
    </ScheduleLayout>
    <ScheduleLayout File="20" FromDate="2000-01-01 00:00:00" ToDate="2030-01-19 00:00:00" ScheduleId="0" Priority="0">
      <Default>true</Default>
      <Hash>6ab546c4cc3b51d827e42111e6e077e6</Hash>
      <Type>Profile</Type>
    </ScheduleLayout>
  </Items>
</ScheduleModel>