﻿<stat type="Media" fromdt="2012-05-22 03:50:37" todt="2012-05-22 03:50:49" layoutid="11" scheduleid="0" mediaid="56"></stat>
<stat type="Media" fromdt="2012-05-22 03:50:38" todt="2012-05-22 03:50:49" layoutid="11" scheduleid="0" mediaid="65"></stat>
<stat type="Media" fromdt="2012-05-22 03:50:38" todt="2012-05-22 03:50:49" layoutid="11" scheduleid="0" mediaid="65"></stat>
<stat type="Media" fromdt="2012-05-22 03:50:38" todt="2012-05-22 03:50:49" layoutid="11" scheduleid="0" mediaid="93"></stat>
<stat type="Media" fromdt="2012-05-22 03:50:38" todt="2012-05-22 03:50:50" layoutid="0" scheduleid="0" mediaid="65"></stat>
<stat type="Media" fromdt="2012-05-22 03:50:38" todt="2012-05-22 03:50:50" layoutid="0" scheduleid="0" mediaid="56"></stat>
<stat type="Media" fromdt="2012-05-22 03:50:49" todt="2012-05-22 03:50:59" layoutid="11" scheduleid="0" mediaid="57"></stat>
<stat type="Media" fromdt="2012-05-22 03:50:49" todt="2012-05-22 03:50:59" layoutid="11" scheduleid="0" mediaid="66"></stat>
<stat type="Media" fromdt="2012-05-22 03:50:49" todt="2012-05-22 03:50:59" layoutid="11" scheduleid="0" mediaid="66"></stat>
<stat type="Media" fromdt="2012-05-22 03:50:49" todt="2012-05-22 03:50:59" layoutid="11" scheduleid="0" mediaid="95"></stat>
<stat type="Media" fromdt="2012-05-22 03:50:50" todt="2012-05-22 03:51:00" layoutid="0" scheduleid="0" mediaid="66"></stat>
<stat type="Media" fromdt="2012-05-22 03:50:50" todt="2012-05-22 03:51:00" layoutid="0" scheduleid="0" mediaid="57"></stat>
<stat type="Media" fromdt="2012-05-22 03:50:59" todt="2012-05-22 03:51:09" layoutid="11" scheduleid="0" mediaid="56"></stat>
<stat type="Media" fromdt="2012-05-22 03:50:59" todt="2012-05-22 03:51:09" layoutid="11" scheduleid="0" mediaid="65"></stat>
<stat type="Media" fromdt="2012-05-22 03:50:59" todt="2012-05-22 03:51:09" layoutid="11" scheduleid="0" mediaid="65"></stat>
<stat type="Media" fromdt="2012-05-22 03:50:59" todt="2012-05-22 03:51:09" layoutid="11" scheduleid="0" mediaid="96"></stat>
<stat type="Media" fromdt="2012-05-22 03:51:00" todt="2012-05-22 03:51:10" layoutid="0" scheduleid="0" mediaid="65"></stat>
<stat type="Media" fromdt="2012-05-22 03:51:00" todt="2012-05-22 03:51:10" layoutid="0" scheduleid="0" mediaid="56"></stat>
<stat type="Media" fromdt="2012-05-22 03:51:09" todt="2012-05-22 03:51:19" layoutid="11" scheduleid="0" mediaid="57"></stat>
<stat type="Media" fromdt="2012-05-22 03:51:09" todt="2012-05-22 03:51:19" layoutid="11" scheduleid="0" mediaid="66"></stat>
<stat type="Media" fromdt="2012-05-22 03:51:09" todt="2012-05-22 03:51:19" layoutid="11" scheduleid="0" mediaid="66"></stat>
<stat type="Media" fromdt="2012-05-22 03:51:09" todt="2012-05-22 03:51:19" layoutid="11" scheduleid="0" mediaid="93"></stat>
<stat type="Media" fromdt="2012-05-22 03:51:10" todt="2012-05-22 03:51:20" layoutid="0" scheduleid="0" mediaid="66"></stat>
<stat type="Media" fromdt="2012-05-22 03:51:10" todt="2012-05-22 03:51:20" layoutid="0" scheduleid="0" mediaid="57"></stat>
<stat type="Media" fromdt="2012-05-22 03:51:19" todt="2012-05-22 03:51:29" layoutid="11" scheduleid="0" mediaid="56"></stat>
<stat type="Media" fromdt="2012-05-22 03:51:19" todt="2012-05-22 03:51:29" layoutid="11" scheduleid="0" mediaid="65"></stat>
<stat type="Media" fromdt="2012-05-22 03:51:19" todt="2012-05-22 03:51:29" layoutid="11" scheduleid="0" mediaid="65"></stat>
<stat type="Media" fromdt="2012-05-22 03:51:19" todt="2012-05-22 03:51:29" layoutid="11" scheduleid="0" mediaid="95"></stat>
<stat type="Media" fromdt="2012-05-22 03:51:20" todt="2012-05-22 03:51:30" layoutid="0" scheduleid="0" mediaid="65"></stat>
<stat type="Media" fromdt="2012-05-22 03:51:20" todt="2012-05-22 03:51:30" layoutid="0" scheduleid="0" mediaid="56"></stat>
<stat type="Media" fromdt="2012-05-22 03:51:29" todt="2012-05-22 03:51:39" layoutid="11" scheduleid="0" mediaid="57"></stat>
<stat type="Media" fromdt="2012-05-22 03:51:29" todt="2012-05-22 03:51:39" layoutid="11" scheduleid="0" mediaid="66"></stat>
<stat type="Media" fromdt="2012-05-22 03:51:29" todt="2012-05-22 03:51:39" layoutid="11" scheduleid="0" mediaid="66"></stat>
<stat type="Media" fromdt="2012-05-22 03:51:29" todt="2012-05-22 03:51:39" layoutid="11" scheduleid="0" mediaid="96"></stat>
<stat type="Media" fromdt="2012-05-22 03:51:30" todt="2012-05-22 03:51:41" layoutid="0" scheduleid="0" mediaid="66"></stat>
<stat type="Media" fromdt="2012-05-22 03:51:30" todt="2012-05-22 03:51:42" layoutid="0" scheduleid="0" mediaid="57"></stat>
<stat type="Media" fromdt="2012-05-22 03:51:39" todt="2012-05-22 03:51:50" layoutid="11" scheduleid="0" mediaid="56"></stat>
<stat type="Media" fromdt="2012-05-22 03:51:39" todt="2012-05-22 03:51:51" layoutid="11" scheduleid="0" mediaid="65"></stat>
<stat type="Media" fromdt="2012-05-22 03:51:39" todt="2012-05-22 03:51:52" layoutid="11" scheduleid="0" mediaid="65"></stat>
<stat type="Media" fromdt="2012-05-22 03:51:39" todt="2012-05-22 03:51:53" layoutid="11" scheduleid="0" mediaid="93"></stat>
<stat type="Media" fromdt="2012-05-22 03:51:41" todt="2012-05-22 03:51:54" layoutid="0" scheduleid="0" mediaid="65"></stat>
<stat type="Media" fromdt="2012-05-22 03:51:42" todt="2012-05-22 03:51:55" layoutid="0" scheduleid="0" mediaid="56"></stat>
<stat type="Media" fromdt="2012-05-22 03:51:50" todt="2012-05-22 03:52:00" layoutid="11" scheduleid="0" mediaid="57"></stat>
<stat type="Media" fromdt="2012-05-22 03:51:51" todt="2012-05-22 03:52:01" layoutid="11" scheduleid="0" mediaid="66"></stat>
<stat type="Media" fromdt="2012-05-22 03:51:52" todt="2012-05-22 03:52:02" layoutid="11" scheduleid="0" mediaid="66"></stat>
<stat type="Media" fromdt="2012-05-22 03:51:53" todt="2012-05-22 03:52:03" layoutid="11" scheduleid="0" mediaid="95"></stat>
<stat type="Media" fromdt="2012-05-22 03:51:54" todt="2012-05-22 03:52:04" layoutid="0" scheduleid="0" mediaid="66"></stat>
<stat type="Media" fromdt="2012-05-22 03:51:55" todt="2012-05-22 03:52:05" layoutid="0" scheduleid="0" mediaid="57"></stat>
<stat type="Media" fromdt="2012-05-22 03:52:00" todt="2012-05-22 03:52:10" layoutid="11" scheduleid="0" mediaid="56"></stat>
<stat type="Media" fromdt="2012-05-22 03:52:01" todt="2012-05-22 03:52:11" layoutid="11" scheduleid="0" mediaid="65"></stat>
