<?xml version="1.0" encoding="utf-8"?>
<CacheManager xmlns:xsi="http://www.w3.org/2001/XMLSchema-instance" xmlns:xsd="http://www.w3.org/2001/XMLSchema">
  <Files>
    <Md5Resource>
      <MD5>60e5e046eec81e9116a8fa42fa327fa3</MD5>
      <Path>\uploads\media\56\56\fb-3ipld9uo4_zxzegc7hq.jpg</Path>
      <CacheDate>2012-05-22T00:03:20.6240235+03:00</CacheDate>
    </Md5Resource>
    <Md5Resource>
      <MD5>576e90c1ac565f45602bf6fea03cfd3e</MD5>
      <Path>\uploads\media\57\57\qpeicakkg0-h9hjbc67yhq.jpg</Path>
      <CacheDate>2012-05-22T00:03:58.6181641+03:00</CacheDate>
    </Md5Resource>
    <Md5Resource>
      <MD5>416ee5d2ddde187e7d39ad722df2f446</MD5>
      <Path>\uploads\media\65\65\mdev53trrkorqnysure_iq.jpg</Path>
      <CacheDate>2012-05-22T00:04:05.6533203+03:00</CacheDate>
    </Md5Resource>
    <Md5Resource>
      <MD5>183b4846aa89b4f249ea0697b798d6d4</MD5>
      <Path>\uploads\media\66\66\ix9etanzl0gvvg6gxejboq.jpg</Path>
      <CacheDate>2012-05-22T00:04:15.7089844+03:00</CacheDate>
    </Md5Resource>
    <Md5Resource>
      <MD5>41791d3f967546c4c2bb4d358dbd0e7b</MD5>
      <Path>Uploads\Temp\Media\qZVdcr6bLUKAazBHkwQQuQ.txt</Path>
      <CacheDate>2012-05-22T00:04:21.803711+03:00</CacheDate>
    </Md5Resource>
    <Md5Resource>
      <MD5>d2fb89fe8330bd580b8d9f9a686cac4f</MD5>
      <Path>\uploads\media\96\96\ladahp-aues9hrtow3sfdw.jpg</Path>
      <CacheDate>2012-05-22T00:04:26.8398438+03:00</CacheDate>
    </Md5Resource>
    <Md5Resource>
      <MD5>7637b1d0df58430e4fc5ef8b54093063</MD5>
      <Path>\uploads\media\95\95\mta_yeb-wkyq1fehb3ykrg.jpg</Path>
      <CacheDate>2012-05-22T00:04:38.6650391+03:00</CacheDate>
    </Md5Resource>
    <Md5Resource>
      <MD5>b381afa2b1b06a4d2c788974da127983</MD5>
      <Path>\uploads\media\78\78\oqxz3gwb2kyfdxthe3x2ta.jpg</Path>
      <CacheDate>2012-05-22T00:04:45.3105469+03:00</CacheDate>
    </Md5Resource>
    <Md5Resource>
      <MD5>2b2a51791ef9ffa7127e968a7998568a</MD5>
      <Path>\uploads\media\71\71\8phbsbqtzeq0bgckvz38lq.jpg</Path>
      <CacheDate>2012-05-22T00:04:49.3125+03:00</CacheDate>
    </Md5Resource>
    <Md5Resource>
      <MD5>01f0b39eac3b652fe890cf5048d92621</MD5>
      <Path>\uploads\media\93\93\nszwcr8equathlpfcmsczw.jpg</Path>
      <CacheDate>2012-05-22T00:05:10.6855469+03:00</CacheDate>
    </Md5Resource>
    <Md5Resource>
      <MD5>a03b9f142ed5112e62cc41cda740c455</MD5>
      <Path>Layouts\20.mosaic</Path>
      <CacheDate>2012-05-22T01:22:40.2998047+03:00</CacheDate>
    </Md5Resource>
    <Md5Resource>
      <MD5>410a0e29704fb779b1974ff8e884e77e</MD5>
      <Path>\uploads\media\102\102\kjtlkktwqk-hleb4bcwfla.jpg</Path>
      <CacheDate>2012-06-03T16:53:00.1767578+03:00</CacheDate>
    </Md5Resource>
    <Md5Resource>
      <MD5>51187a5bfb06754f79e75e6fd5ecfd61</MD5>
      <Path>Layouts\11.mosaic</Path>
      <CacheDate>2012-06-03T16:53:03.6103516+03:00</CacheDate>
    </Md5Resource>
  </Files>
</CacheManager>