<?xml version="1.0" encoding="utf-8"?>
<RequiredFiles xmlns:xsi="http://www.w3.org/2001/XMLSchema-instance" xmlns:xsd="http://www.w3.org/2001/XMLSchema">
  <_requiredFiles>
    <RequiredFileModel>
      <FileType>media</FileType>
      <Path>\uploads\media\56\56\fb-3ipld9uo4_zxzegc7hq.jpg</Path>
      <Downloading>false</Downloading>
      <ChunkOffset>0</ChunkOffset>
      <ChunkSize>0</ChunkSize>
      <Retrys>0</Retrys>
      <Id>56</Id>
      <Size>70070</Size>
      <MD5>60e5e046eec81e9116a8fa42fa327fa3</MD5>
      <Complete>true</Complete>
      <LastChecked>0001-01-01T00:00:00</LastChecked>
    </RequiredFileModel>
    <RequiredFileModel>
      <FileType>media</FileType>
      <Path>\uploads\media\57\57\qpeicakkg0-h9hjbc67yhq.jpg</Path>
      <Downloading>false</Downloading>
      <ChunkOffset>0</ChunkOffset>
      <ChunkSize>0</ChunkSize>
      <Retrys>0</Retrys>
      <Id>57</Id>
      <Size>71600</Size>
      <MD5>576e90c1ac565f45602bf6fea03cfd3e</MD5>
      <Complete>true</Complete>
      <LastChecked>0001-01-01T00:00:00</LastChecked>
    </RequiredFileModel>
    <RequiredFileModel>
      <FileType>media</FileType>
      <Path>\uploads\media\65\65\mdev53trrkorqnysure_iq.jpg</Path>
      <Downloading>false</Downloading>
      <ChunkOffset>0</ChunkOffset>
      <ChunkSize>0</ChunkSize>
      <Retrys>0</Retrys>
      <Id>65</Id>
      <Size>130116</Size>
      <MD5>416ee5d2ddde187e7d39ad722df2f446</MD5>
      <Complete>true</Complete>
      <LastChecked>0001-01-01T00:00:00</LastChecked>
    </RequiredFileModel>
    <RequiredFileModel>
      <FileType>media</FileType>
      <Path>\uploads\media\66\66\ix9etanzl0gvvg6gxejboq.jpg</Path>
      <Downloading>false</Downloading>
      <ChunkOffset>0</ChunkOffset>
      <ChunkSize>0</ChunkSize>
      <Retrys>0</Retrys>
      <Id>66</Id>
      <Size>110403</Size>
      <MD5>183b4846aa89b4f249ea0697b798d6d4</MD5>
      <Complete>true</Complete>
      <LastChecked>0001-01-01T00:00:00</LastChecked>
    </RequiredFileModel>
    <RequiredFileModel>
      <FileType>media</FileType>
      <Path>\uploads\media\102\102\kjtlkktwqk-hleb4bcwfla.jpg</Path>
      <Downloading>false</Downloading>
      <ChunkOffset>0</ChunkOffset>
      <ChunkSize>0</ChunkSize>
      <Retrys>0</Retrys>
      <Id>102</Id>
      <Size>47099</Size>
      <MD5>410a0e29704fb779b1974ff8e884e77e</MD5>
      <Complete>true</Complete>
      <LastChecked>0001-01-01T00:00:00</LastChecked>
    </RequiredFileModel>
    <RequiredFileModel>
      <FileType>media</FileType>
      <Path>Uploads\Temp\Media\qZVdcr6bLUKAazBHkwQQuQ.txt</Path>
      <Downloading>false</Downloading>
      <ChunkOffset>0</ChunkOffset>
      <ChunkSize>0</ChunkSize>
      <Retrys>0</Retrys>
      <Id>67</Id>
      <Size>81</Size>
      <MD5>41791d3f967546c4c2bb4d358dbd0e7b</MD5>
      <Complete>true</Complete>
      <LastChecked>0001-01-01T00:00:00</LastChecked>
    </RequiredFileModel>
    <RequiredFileModel>
      <FileType>media</FileType>
      <Path>\uploads\media\93\93\nszwcr8equathlpfcmsczw.jpg</Path>
      <Downloading>false</Downloading>
      <ChunkOffset>0</ChunkOffset>
      <ChunkSize>0</ChunkSize>
      <Retrys>0</Retrys>
      <Id>93</Id>
      <Size>47709</Size>
      <MD5>01f0b39eac3b652fe890cf5048d92621</MD5>
      <Complete>true</Complete>
      <LastChecked>0001-01-01T00:00:00</LastChecked>
    </RequiredFileModel>
    <RequiredFileModel>
      <FileType>media</FileType>
      <Path>\uploads\media\95\95\mta_yeb-wkyq1fehb3ykrg.jpg</Path>
      <Downloading>false</Downloading>
      <ChunkOffset>0</ChunkOffset>
      <ChunkSize>0</ChunkSize>
      <Retrys>0</Retrys>
      <Id>95</Id>
      <Size>41819</Size>
      <MD5>7637b1d0df58430e4fc5ef8b54093063</MD5>
      <Complete>true</Complete>
      <LastChecked>0001-01-01T00:00:00</LastChecked>
    </RequiredFileModel>
    <RequiredFileModel>
      <FileType>media</FileType>
      <Path>\uploads\media\96\96\ladahp-aues9hrtow3sfdw.jpg</Path>
      <Downloading>false</Downloading>
      <ChunkOffset>0</ChunkOffset>
      <ChunkSize>0</ChunkSize>
      <Retrys>0</Retrys>
      <Id>96</Id>
      <Size>40723</Size>
      <MD5>d2fb89fe8330bd580b8d9f9a686cac4f</MD5>
      <Complete>true</Complete>
      <LastChecked>0001-01-01T00:00:00</LastChecked>
    </RequiredFileModel>
    <RequiredFileModel>
      <FileType>media</FileType>
      <Path>\uploads\media\78\78\oqxz3gwb2kyfdxthe3x2ta.jpg</Path>
      <Downloading>false</Downloading>
      <ChunkOffset>0</ChunkOffset>
      <ChunkSize>0</ChunkSize>
      <Retrys>0</Retrys>
      <Id>11</Id>
      <Size>0</Size>
      <MD5>b381afa2b1b06a4d2c788974da127983</MD5>
      <Complete>true</Complete>
      <LastChecked>0001-01-01T00:00:00</LastChecked>
    </RequiredFileModel>
    <RequiredFileModel>
      <FileType>layout</FileType>
      <Path>Layouts\11.mosaic</Path>
      <Downloading>false</Downloading>
      <ChunkOffset>0</ChunkOffset>
      <ChunkSize>0</ChunkSize>
      <Retrys>0</Retrys>
      <Id>11</Id>
      <Size>5896</Size>
      <MD5>51187a5bfb06754f79e75e6fd5ecfd61</MD5>
      <Complete>true</Complete>
      <LastChecked>0001-01-01T00:00:00</LastChecked>
    </RequiredFileModel>
    <RequiredFileModel>
      <FileType>media</FileType>
      <Path>\uploads\media\71\71\8phbsbqtzeq0bgckvz38lq.jpg</Path>
      <Downloading>false</Downloading>
      <ChunkOffset>0</ChunkOffset>
      <ChunkSize>0</ChunkSize>
      <Retrys>0</Retrys>
      <Id>20</Id>
      <Size>61659</Size>
      <MD5>2b2a51791ef9ffa7127e968a7998568a</MD5>
      <Complete>true</Complete>
      <LastChecked>0001-01-01T00:00:00</LastChecked>
    </RequiredFileModel>
    <RequiredFileModel>
      <FileType>layout</FileType>
      <Path>Layouts\20.mosaic</Path>
      <Downloading>false</Downloading>
      <ChunkOffset>0</ChunkOffset>
      <ChunkSize>0</ChunkSize>
      <Retrys>0</Retrys>
      <Id>20</Id>
      <Size>4813</Size>
      <MD5>a03b9f142ed5112e62cc41cda740c455</MD5>
      <Complete>true</Complete>
      <LastChecked>0001-01-01T00:00:00</LastChecked>
    </RequiredFileModel>
  </_requiredFiles>
  <Files>
    <RequiredFileModel>
      <FileType>media</FileType>
      <Path>\uploads\media\56\56\fb-3ipld9uo4_zxzegc7hq.jpg</Path>
      <Downloading>false</Downloading>
      <ChunkOffset>0</ChunkOffset>
      <ChunkSize>0</ChunkSize>
      <Retrys>0</Retrys>
      <Id>56</Id>
      <Size>70070</Size>
      <MD5>60e5e046eec81e9116a8fa42fa327fa3</MD5>
      <Complete>true</Complete>
      <LastChecked>0001-01-01T00:00:00</LastChecked>
    </RequiredFileModel>
    <RequiredFileModel>
      <FileType>media</FileType>
      <Path>\uploads\media\57\57\qpeicakkg0-h9hjbc67yhq.jpg</Path>
      <Downloading>false</Downloading>
      <ChunkOffset>0</ChunkOffset>
      <ChunkSize>0</ChunkSize>
      <Retrys>0</Retrys>
      <Id>57</Id>
      <Size>71600</Size>
      <MD5>576e90c1ac565f45602bf6fea03cfd3e</MD5>
      <Complete>true</Complete>
      <LastChecked>0001-01-01T00:00:00</LastChecked>
    </RequiredFileModel>
    <RequiredFileModel>
      <FileType>media</FileType>
      <Path>\uploads\media\65\65\mdev53trrkorqnysure_iq.jpg</Path>
      <Downloading>false</Downloading>
      <ChunkOffset>0</ChunkOffset>
      <ChunkSize>0</ChunkSize>
      <Retrys>0</Retrys>
      <Id>65</Id>
      <Size>130116</Size>
      <MD5>416ee5d2ddde187e7d39ad722df2f446</MD5>
      <Complete>true</Complete>
      <LastChecked>0001-01-01T00:00:00</LastChecked>
    </RequiredFileModel>
    <RequiredFileModel>
      <FileType>media</FileType>
      <Path>\uploads\media\66\66\ix9etanzl0gvvg6gxejboq.jpg</Path>
      <Downloading>false</Downloading>
      <ChunkOffset>0</ChunkOffset>
      <ChunkSize>0</ChunkSize>
      <Retrys>0</Retrys>
      <Id>66</Id>
      <Size>110403</Size>
      <MD5>183b4846aa89b4f249ea0697b798d6d4</MD5>
      <Complete>true</Complete>
      <LastChecked>0001-01-01T00:00:00</LastChecked>
    </RequiredFileModel>
    <RequiredFileModel>
      <FileType>media</FileType>
      <Path>\uploads\media\102\102\kjtlkktwqk-hleb4bcwfla.jpg</Path>
      <Downloading>false</Downloading>
      <ChunkOffset>0</ChunkOffset>
      <ChunkSize>0</ChunkSize>
      <Retrys>0</Retrys>
      <Id>102</Id>
      <Size>47099</Size>
      <MD5>410a0e29704fb779b1974ff8e884e77e</MD5>
      <Complete>true</Complete>
      <LastChecked>0001-01-01T00:00:00</LastChecked>
    </RequiredFileModel>
    <RequiredFileModel>
      <FileType>media</FileType>
      <Path>Uploads\Temp\Media\qZVdcr6bLUKAazBHkwQQuQ.txt</Path>
      <Downloading>false</Downloading>
      <ChunkOffset>0</ChunkOffset>
      <ChunkSize>0</ChunkSize>
      <Retrys>0</Retrys>
      <Id>67</Id>
      <Size>81</Size>
      <MD5>41791d3f967546c4c2bb4d358dbd0e7b</MD5>
      <Complete>true</Complete>
      <LastChecked>0001-01-01T00:00:00</LastChecked>
    </RequiredFileModel>
    <RequiredFileModel>
      <FileType>media</FileType>
      <Path>\uploads\media\93\93\nszwcr8equathlpfcmsczw.jpg</Path>
      <Downloading>false</Downloading>
      <ChunkOffset>0</ChunkOffset>
      <ChunkSize>0</ChunkSize>
      <Retrys>0</Retrys>
      <Id>93</Id>
      <Size>47709</Size>
      <MD5>01f0b39eac3b652fe890cf5048d92621</MD5>
      <Complete>true</Complete>
      <LastChecked>0001-01-01T00:00:00</LastChecked>
    </RequiredFileModel>
    <RequiredFileModel>
      <FileType>media</FileType>
      <Path>\uploads\media\95\95\mta_yeb-wkyq1fehb3ykrg.jpg</Path>
      <Downloading>false</Downloading>
      <ChunkOffset>0</ChunkOffset>
      <ChunkSize>0</ChunkSize>
      <Retrys>0</Retrys>
      <Id>95</Id>
      <Size>41819</Size>
      <MD5>7637b1d0df58430e4fc5ef8b54093063</MD5>
      <Complete>true</Complete>
      <LastChecked>0001-01-01T00:00:00</LastChecked>
    </RequiredFileModel>
    <RequiredFileModel>
      <FileType>media</FileType>
      <Path>\uploads\media\96\96\ladahp-aues9hrtow3sfdw.jpg</Path>
      <Downloading>false</Downloading>
      <ChunkOffset>0</ChunkOffset>
      <ChunkSize>0</ChunkSize>
      <Retrys>0</Retrys>
      <Id>96</Id>
      <Size>40723</Size>
      <MD5>d2fb89fe8330bd580b8d9f9a686cac4f</MD5>
      <Complete>true</Complete>
      <LastChecked>0001-01-01T00:00:00</LastChecked>
    </RequiredFileModel>
    <RequiredFileModel>
      <FileType>media</FileType>
      <Path>\uploads\media\78\78\oqxz3gwb2kyfdxthe3x2ta.jpg</Path>
      <Downloading>false</Downloading>
      <ChunkOffset>0</ChunkOffset>
      <ChunkSize>0</ChunkSize>
      <Retrys>0</Retrys>
      <Id>11</Id>
      <Size>0</Size>
      <MD5>b381afa2b1b06a4d2c788974da127983</MD5>
      <Complete>true</Complete>
      <LastChecked>0001-01-01T00:00:00</LastChecked>
    </RequiredFileModel>
    <RequiredFileModel>
      <FileType>layout</FileType>
      <Path>Layouts\11.mosaic</Path>
      <Downloading>false</Downloading>
      <ChunkOffset>0</ChunkOffset>
      <ChunkSize>0</ChunkSize>
      <Retrys>0</Retrys>
      <Id>11</Id>
      <Size>5896</Size>
      <MD5>51187a5bfb06754f79e75e6fd5ecfd61</MD5>
      <Complete>true</Complete>
      <LastChecked>0001-01-01T00:00:00</LastChecked>
    </RequiredFileModel>
    <RequiredFileModel>
      <FileType>media</FileType>
      <Path>\uploads\media\71\71\8phbsbqtzeq0bgckvz38lq.jpg</Path>
      <Downloading>false</Downloading>
      <ChunkOffset>0</ChunkOffset>
      <ChunkSize>0</ChunkSize>
      <Retrys>0</Retrys>
      <Id>20</Id>
      <Size>61659</Size>
      <MD5>2b2a51791ef9ffa7127e968a7998568a</MD5>
      <Complete>true</Complete>
      <LastChecked>0001-01-01T00:00:00</LastChecked>
    </RequiredFileModel>
    <RequiredFileModel>
      <FileType>layout</FileType>
      <Path>Layouts\20.mosaic</Path>
      <Downloading>false</Downloading>
      <ChunkOffset>0</ChunkOffset>
      <ChunkSize>0</ChunkSize>
      <Retrys>0</Retrys>
      <Id>20</Id>
      <Size>4813</Size>
      <MD5>a03b9f142ed5112e62cc41cda740c455</MD5>
      <Complete>true</Complete>
      <LastChecked>0001-01-01T00:00:00</LastChecked>
    </RequiredFileModel>
  </Files>
</RequiredFiles>